overhang_cm,slip_time_s,slip_angle_deg,slip_omega_rad_s,liftoff_phase,liftoff_time_s,liftoff_angle_deg,freefall_angular_velocity_rad_s,liftoff_y_m,liftoff_y_dot_m_s,freefall_time_s,total_landing_time_s,landing_total_angle_deg,landing_total_angle_mod_deg,landing_side,r_liftoff_m,rdot_liftoff_m_s,theta_liftoff_deg,theta_dot_liftoff_rad_s,friction_sign
1.1,0.07123999179741762,15.362726786352809,7.684589519678515,slip,0.1258327472332483,47.229340732475194,11.725220255598739,-0.00698513170193791,-0.3599325758181755,0.3436953316240352,0.46952807885728354,278.12580107129247,278.12580107129247,Up,0.016833936591706723,0.22662322208698008,55.09498209233774,17.360366309419152,1.0
